ODCAccessionNbr,DOI,DatasetTitle,DatasetTyp,Year,DatePublished,Laboratory,StudyLeader,SubjectNbrs,SpeciesTyp,SpeciesStrainTyp,SexTyp,AnimalSourceNam,AgeVal,BodyWgtMeasrVal,InjuryTyp,InjuryLevelAnatomical,InjuryLevelSpinal,InjuryLaterality,InjuryDevice,InjurySeverity,InjuryContusionDataAvail,Locomotion,OtherBehaviour,InterventionTyp,InterventionAgent,AuthorKeywords,RelatedDatasets,Funders,CoDES,Purpose,Notes
26,http://doi.org/10.7295/W9T72FMZ,"Cervical (C5), unilateral spinal cord injury with diverse injury modalities, multiple behavioral outcomes, and histopathology",animal,2018,2018-11-04,Ferguson Lab,not reported,159,rat,Long Evans,female; not reported,not reported,75-83 days,not reported,hemisection; contusion; sham,cervical,C5,unilateral,scalpel; NYU impactor; Infinite Horizons impactor ,not reported,force; displacement; velocity,BBB,NA,NA,NA,bioinformatics; rodents; syndromics; translation,NA,Craig H. Neilsen Foundation; Department of Defense (USA); International Spinal Research Trust; National Institutes of Health; NYSCoRE; Wings for Life,pre,multivariate validation study of unilateral cervical contusion (hemi-contusion) model-development efforts,
212,http://doi.org/10.7295/W9HQ3X20,T10 lateral hemisection spinal cord injury with multiple histological and behavioral outcomes,animal,2019,2019-08-19,He Lab,not reported,119,mouse,not reported,female; male,not reported,8-12 weeks,not reported,lateral hemisection; ischemic stroke; hindlimb CNS ablation,thoracic,T10,lateral,not reported,not reported,NA,ladder walking,SPRGR,drug/agent,AAV assisted delivery of insulin-like growth factor 1 (IGF-1) and osteopontin (OPN),osteopontin (OPN); insulin-like growth factor 1 (IGF-1); axon regeneration; axon sprouting; functional recovery,NA,Craig H. Neilsen Foundation; Dr. Miriam and Sheldon G. Adelson Medical Research Foundation; Hong Kong Spinal Cord Injury Fund; National Institutes of Health; National Institute of Neurological Disorders and Stroke; Wings for Life,pre,"to test whether post-lesional AAV-assisted co- expression of two soluble proteins, namely insulin-like growth factor 1 (IGF1) and osteopontin (OPN), in cortical neurons leads to CST regrowth and CST-dependent functional recovery",
419,http://dx.doi.org/10.34945/F5QP4H,Data for manuscript: Delayed short-term tamoxifen treatment does not promote remyelination or neuron sparing after spinal cord injury,animal,2020,2020-06-24,Dana McTigue Lab,not reported,39,mouse,C57BL6,female; male,not reported,10-12 weeks,17-30 g,contusion,thoracic,T9,not reported,not reported,moderate,force; displacement,BMS; ladder walking,SPRGR,drug/agent,tamoxifen,myelination; spinal cord injury; tamoxifen,NA,not reported,pre,to test whether delayed short-term tamoxifen treatment changed motor and/or anatomical recovery after spinal cord injury,
432,doi: 10.34945/F54S3W,Repeated measurements of hindlimb CatWalk variables in normal rats,animal,2020,2020-08-13,Nick Jeffery Lab,not reported,16,rat,Sprague-Dawley,male,not reported,9 weeks,250-275 g,neurologically intact,NA,NA,NA,NA,not reported,NA,NA,catwalk,NA,NA,locomotor function; reference change value; variability,NA,The Institute for Rehabilitation and Research Foundation: Mission Connect,pre,catwalk data in naive rats,
458,http://doi.org/10.34945/F59885,Behavior and histopathology after single-session cortical electrical stimulation and rehabilitative forelimb motor training in cervical spinal cord injury in females rats,animal,2020,2020-11-17,Karim Fouad,Nicholas Batty,33,rat,Lewis,female,Charles River Canada,2 months,180-220 g,DLQ,cervical,C4,unilateral - ipsilateral to preferred paw,not reported,not reported,NA,NA,SPRGR,electrical stimulation,cortical electrical stimulation,axonal collateral; electrical stimulation; neurite growth; plasticity; spinal cord injury,NA,Canadian Institutes of Health Research,pre,to investigate the use of electrical cortical stimulation of injured corticospinal tract as a means to increase the beneficial effects of rehabilitative motor therapy after SCI in rats,
262,http://doi.org/10.7295/W97942VQ,Data for the manuscript: Fecal Transplant Prevents Gut Dysbiosis and Anxiety-like Behaviour After Spinal Cord Injury in Rats,animal,2020,2020-12-03,Karim Fouad,Emma Schmidt,57,rat,Lewis,female,not reported,not reported,180-200 g,contusion,cervical,not reported,unilateral,not reported,not reported,NA,NA,open field; light-dark box; cylinder; elevated plus maze,fecal microbiota transplant,fecal microbiota transplant,anxiety; dysbiosis; fecal microbiota transplant; spinal cord injury,NA,Canadian Institutes of Health Research; Craig H. Neilsen Foundation,pre,to establish a model of anxiety following a cervical contusion spinal cord injury (SCI) in rats and to determine whether the microbiota play a role in the observed behavioural changes,
553,http://doi.org/10.34945/F5ZW20,Self-directed reaching and grasping rehabilitation using automatic pellet presentation system after cervical dorsolateral quadrant injury in female rats,animal,2021,2021-01-14,Keith K Fenrich,not reported,19,rat,Lewis,female,Charles River Canada,not reported,200-250 g,DLQ,cervical,C4,unilateral - ipsilateral to preferred paw,custom blade,not reported,NA,NA,SPRGR,NA,NA,animal model; automation; grasping; motor control; neuroplasticity; reaching; rehabilitation training; training intensity,NA,Canadian Institutes of Health Research; Wings for Life,pre,to understand the factors that determine better rehabilitation-induced recovery in forelimb motor function after cervical spinal cord injury in rats exposed to the automatic pellet presentation (APP) training system,
405,http://doi.org/10.34945/F5QC7J,Acute blood RNA sequencing from SCI human patients,clinical,2021,2021-01-22,TRACK-SCI,not reported,48,human (deidentified),NA,female; male,NA,18-89 years,NA,NA,cervical; thoracic; lumbar,C1-L2,NA,NA,not reported,NA,NA,NA,NA,NA,blood biomarker; clinical research; diagnostic biomarker; RNAseq; spinal cord injury,?,Craig H. Neilsen Foundation; Department of Defense (USA); UCSF SCI Center of Excellence; Wings for Life,pre,to discover through high throughput methods blood RNA biomarkers with the ability to diagnose accurately the severity of the spinal cord injury at the acute stage,
536,http://doi.org/10.34945/F58C7H,Surgical Blood Pressure and Expected Motor Recovery in Individuals with Traumatic Spinal Cord Injury,clinical,2021,2021-01-22,*no lab listed in metadata,not reported,25,human (deidentified),NA,female; male,NA,18-74 years,NA,NA,cervical; thoracic,not reported,NA,NA,not reported,NA,NA,NA,NA,NA,intra-operative MAP; ISNCSCI; mean arterial pressure; motor recovery; spinal cord ischemia; spinal cord injury; trauma,?,Department of Defense (USA): Congressionally Directed Medical Research Program - SCI Research Program; National Institutes of Health; National Institute of Neurological Disorders and Stroke; Wings for Life,pre,mean arterial blood pressure (MAP) during surgical intervention for individuals with spinal cord injury (SCI) was used to assess associations with motor recovery during the acute phase (post-surgery to rehabilitation discharge),
457,http://doi.org/10.34945/F5JS3M,"Minocycline treatment for acute cervical spinal cord injury in female rats: behavioural, histopathological and systemic immune effects",animal,2021,2021-01-22,Karim Fouad,not reported,36,rat,Lewis,female,not reported,not reported,200-250 g,contusion,cervical,C5,unilateral,not reported,moderate,programmed force,NA,open field; light-dark box; cylinder; elevated plus maze,drug/agent,minocycline,inflammation; minocycline; spinal cord injury,454,Craig H. Neilsen Foundation,pre,to elucidate multiple system-wide changes involving the microbiota-immune axis induced my minocycline treatment in a rodent model of cervical contusion SCI,
454,http://doi.org/10.34945/F5F30N,Minocycline treatment for acute cervical spinal cord injury in female rats: microbiota composition,animal,2021,2021-01-22,Karim Fouad,not reported,36,rat,Lewis,female,not reported,not reported,200-250 g,contusion,cervical,C5,unilateral,not reported,moderate,programmed force,NA,NA,drug/agent,minocycline,minocycline; spinal cord injury; 16S rRNA,457,Craig H. Neilsen Foundation,pre,to elucidate multiple system-wide changes involving the microbiota-immune axis induced by minocycline treatment in a rodent model of cervical contusion SCI ,
555,http://doi.org/10.34945/F5V30C,Acute post-injury blockade of a2d-1 calcium channel subunits on pathological autonomic plasticity after T3 crush spinal cord injury in female mice,animal,2021,2021-01-26,Phillip Popovich,not reported,199,mouse,C57BL/6J; 129SVE,female,not reported,10-12 weeks,not reported,crush,thoracic,T3,not reported,forceps,severe,NA,NA,NA,drug/agent,gabapentin (GBP),autonomic dysreflexia; dysautonomia; immunosuppression; neuroplasticity; spinal cord injury; synaptogenesis,NA,Craig H. Neilsen Foundation; Department of Defense (USA); National Institutes of Health; Ray W. Poppleton Endowment; Wings for Life,pre,"tested the hypothesis that SCI causes remarkable structural remodeling and synaptic plasticity, creating abnormal spinal sympathetic reflexes that promote dysautonomia. We also tested whether treating mice with prophylactic gabapentin (GBP), an FDA-approved drug that inhibits a2d-1-mediated synaptogenesis in the brain, can prevent these pathologies",
459,http://doi.org/10.34945/F5FW2B,Lipopolysaccharide treatment in the subacute stage of cervical spinal cord injury enhances motor recovery and increases anxiety-like behaviour in female rats,animal,2021,2021-02-05,Karim Fouad,not reported,50,rat,Lewis,female,not reported,not reported,210-235 g,DLQ,cervical,C4,unilateral - ipsilateral to preferred paw,not reported,not reported,NA,ladder walking,SPRGR; open field; cylinder; elevated plus maze; von Frey,drug/agent; rehabilitative training,lipopolysaccharide (LPS),anxiety; inflammation; lipopolysaccharide; rehabilitation; spinal cord injury,NA,Wings for Life,pre,"to determine whether sub-acute LPS treatment has a similar effect (enhance training effects), since the lesion environment is already in a more inflammatory state at this earlier time point",
595,http://doi.org/10.34945/F5QG66,"Hemodynamics, weight and overground locomotion from 1125 rats with different spinal cord injury thoracic contusion severities recovered from the Multicenter Spinal Cord Injury Study (MASCIS)",animal,2021,2021-03-03,Ferguson Lab,not reported,1125,rat,Long Evans,female; male,not reported,not reported,not reported,contusion,thoracic,T9-T10,not reported,MASCIS/NYU Impactor device,mild; moderate; severe,programmed force,BBB,NA,NA,NA,blood pressure; data archeology; dark data; Multicenter Animal Spinal Cord Injury Study (MASCIS),567,Craig H. Neilsen Foundation; Department of Veterans Affairs (USA); National Center for Advancing Translational Sciences; National Institutes of Health; National Institute of Neurological Disorders and Stroke; National Institute of Mental Health; Wings for Life,pre,subset of the MASCIS dataset - the goal for this subset of the MASCIS dataset was to externally validate previous fundings on the importance of peri-surgery blood pressure in long term recovery,
567,http://doi.org/10.34945/F5V884,"A comprehensive set of hemodynamic parameters, blood gases and hemoglobin levels during spinal cord injury procedure followed by weekly assessments of locomotor and bladder function recovery with survival histology data from 334 rats in the MASCIS trial",animal,2021,2021-03-03,Ferguson Lab,not reported,334,rat,not reported,female; male,not reported,not reported,not reported,not reported,not reported,not reported,not reported,not reported,mild; moderate; severe,programmed force,BBB,NA,NA,NA,data-driven discovery; data recovery; FAIR data; spinal cord injury; topological data analysis,595,Craig H. Neilsen Foundation; Department of Defense (USA); National Institutes of Health; NYSCoRE; Wings for Life,pre,subset of the MASCIS dataset - the goal for this subset was to describe the application of topological data analysis (TDA) for data-driven discovery in preclinical spinal cord injury (SCI) data sets mined from the Visualized Syndromic Information and Outcomes for Neurotrauma-SCI (VISION-SCI) repository,several data elements were not reported for this dataset but as a subset of MASCIS are assumed to be the same as dataset 595
602,http://doi.org/10.34945/F5B59T,Alteration of H-reflex and MEP amplitude in the flexor carpi radialis muscle with transcutaneous spinal cord stimulation during static and leg cycling tasks in neurologically intact male and female humans,clinical,2021,2021-03-09,Mushahwar Lab University of Alberta,not reported,17,human (deidentified),NA,not reported,NA,not reported,NA,neurologically intact,NA,NA,NA,NA,NA,NA,NA,NA,electrical stimulation,transcutaneous spinal cord stimulation,cervico-lumbar coupling; corticospinal facilitation; electromyography; H-reflex; motor evoked potential (MEP); transcutaneous spinal cord stimulation,NA,Alberta Innovates; Canada Foundation for Innovation; Canada Research Chairs; Canadian Institutes of Health Research; University of Alberta Faculty of Medicine and Dentistry,pre,H-reflex data from neurologically intact participants - the neuromodulatory effects of tSCS were assessed during both a static task and relative to a leg cycling paradigm to determine if tSCS alters cervico-lumbar coupling,
556,http://doi.org/10.34945/F56C7W,Behaviour and histopathology after simultaneous cortical infusion of PKA and EPAC agonists and rehabilitative forelimb motor training after incomplete cervical spinal cord injury in female rats,animal,2021,2021-03-22,Karim Fouad,Nicholas Batty,51,rat,Lewis,female,Charles River Canada,2 months,180-220 g,DLQ,cervical,C4,unilateral - ipsilateral to preferred paw,not reported,not reported,NA,NA,SPRGR; von Frey,drug/agent,protein kinase A (PKA) agonist; exchange protein activation by cAMP (EPAC) agon,axonal collateral; cAMP; EPAC; PKA; plasticity; neurite growth; spinal cord injury,NA,Canadian Institutes of Health Research,pre,to investigate the application of agonists for EPAC or for both EPAC and PKA to the motor forelimb cortex innervating the injured corticospinal tract as a means to increase the beneficial effects of rehabilitative motor therapy after cervical SCI in rats,
619,http://doi.org/10.34945/F5S59V,"Treatment with Gallium Maltolate after spinal cord thoracic contusion in female mice, functional outcome and inflammatory markers",animal,2021,2021-03-24,Kroner,Kroner,43,mouse,C57BL6/6J,female,Charles River,8 weeks,17-21 g,contusion,thoracic,T11,not reported,not reported,not reported,force; displacement,BMS,none,drug/agent,gallium maltolate,gallium maltolate; inflammation; iron,NA,Department of Veterans Affairs (USA),pre,to explore the anti-inflammatory role of the iron competitor gallium maltolate after SCI,
578,http://doi.org/10.34945/F5XW2P,"Effects of a fecal transplant from anxious donors on rehabilitative training, microbiota composition, systemic inflammation and behaviour following a unilateral cervical spinal contusion (C5, 125kdyn) in female Lewis rats",animal,2021,2021-04-08,Karim Fouad,not reported,40,rat,Lewis,female,not reported,not reported,200-260g,contusion,cervical,C5,unilateral,Infinite Horizons impactor,not reported,NA,NA,SPRGR; open field; cylinder; elevated plus maze; von Frey,fecal microbiota transplant; rehabilitative training,fecal microbiota transplant,anxiety; inflammation; fecal transplant; spinal cord injury,NA,not reported,post,to determine whether optimal donor selection would influence the outcome of a fecal microbiota transplant (FMT) and the efficacy of rehabilitative training after a unilateral C5 spinal contusion,
465,http://doi.org/10.34945/F5HP4N,"Hemodynamic stability, incidence of pain, skin redness, autonomic dysreflexia and other safety related outcome measures of transcutaneous electrical spinal cord stimulation in children with cervical and thoracic spinal cord injuries",clinical,2021,2021-08-13,*no lab listed in metadata,Behrman,8,human (deidentified),NA,not reported,NA,3-14 years,NA,NA,cervical; thoracic,not reported,NA,NA,not reported,NA,NA,NA,electrical stimulation,transcutaneous electrical spinal cord stimulation (scTS),feasibility; neuromodulation; pediatric spinal cord injury; safety; trunk control,NA,National Institutes of Health,post,a pilot study to establish the safety and feasibility of transcutaneous electrical spinal cord stimulation (scTS) to augment upright sitting posture and trunk control in children with spinal cord injury,
620,http://doi.org/10.34945/F5NC7X,Trunk kinematic and center of pressure displacement time series data during transcutaneous lumbosacral spinal cord stimulation and passive pelvic tilt in human pediatric participants with trunk control impairments due to cervical or thoracic spinal cord injury (pilot clinical trial NCT03975634),clinical,2021,2021-08-13,Andrea Behrman,Behrman,5,human (deidentified),NA,not reported,NA,3-14 years,NA,NA,cervical; thoracic,not reported,NA,NA,not reported,NA,NA,NA,electrical stimulation,transcutaneous electrical spinal cord stimulation (scTS),kinematics; pediatric spinal cord injury; transcutaneous lumbosacral spinal cord stimulation; trunk control,NA,National Institutes of Health,post,a pilot clinical trial that established the safety and feasibility of transcutaneous lumbosacral electrical spinal cord stimulation (scTS) to augment upright sitting posture and trunk control in children with spinal cord injury,
245,http://doi.org/10.34945/F5R59J,"ASIA Impairment Scale, level of injury, intraoperative time series mean arterial pressure and heart rate after spinal cord injury in patients in a multi-site retrospective TRACK-SCI cohort: site 1 of 2",clinical,2021,2021-11-17,Ferguson Lab,not reported,31,human (deidentified),NA,not reported,NA,18-81 years,NA,NA,cervical; other,not reported,NA,NA,AIS A-E,NA,NA,NA,NA,NA,hemodynamics; human; intraoperative; mean arterial pressure; spinal cord injury; time seires,246; 536,Craig H. Neilsen Foundation; Department of Defense (USA); Department of Veterans Affairs (USA); National Institutes of Health; National Institute of Neurological Disorders and Stroke; Wings for Life,post,the goal for the collection of this data was to assess whether intraoperative hemodynamics (arterial pressure and heart rate) is associated to patient neurological improvement at hospital discharge in spinal cord injury,
246,http://doi.org/10.34945/F5MG68,"ASIA Impairment Scale, level of injury, intraoperative time series mean arterial pressure and heart rate after spinal cord injury in patients in a multi-site retrospective TRACK-SCI cohort: site 2 of 2",clinical,2021,2021-11-17,Ferguson Lab,not reported,87,human (deidentified),NA,not reported,NA,18-87 years,NA,NA,cervical; other,not reported,NA,NA,AIS,NA,NA,NA,NA,NA,hemodynamics; human; intraoperative; mean arterial pressure; spinal cord injury; time seires,245,Craig H. Neilsen Foundation; Department of Defense (USA); Department of Veterans Affairs (USA); National Institutes of Health; National Institute of Neurological Disorders and Stroke; Wings for Life,post,the goal for the collection of this data was to assess whether intraoperative hemodynamics (arterial pressure and heart rate) is associated to patient neurological improvement at hospital discharge in spinal cord injury,
652,http://doi.org/10.34945/F5D01P,"Studying Sex as a Biological Variable: Considerations of weight, anemia and mortality following thoracic spinal cord contusion injury in male and female mice",animal,2021,2021-11-22,Gensel Lab (Nero),Andrew Stewart,91,mouse,C57BL/6,female; male,Jax; National Institute on Aging,4 months; 14 months,18-44 g,contusion; sham,thoracic,T9,not reported,Infinite Horizons impactor,not reported,force; displacement,BMS,NA,NA,NA,NA,NA,National Institutes of Health,post,"to examine functional recovery, morbidity, mortality, etc. as a function of both sex and age in C57Bl/6J mice after thoracic contusion SCI (T9, 60kdyn, IH)",
713,http://doi.org/10.34945/F5V01Q,Gait kinematic parameters and onset/offset of EMG muscle activities during overground walking in healthy female Yucatan minipigs at different speed ranges from 0.4 m/s to 1.6 m/s,animal,2022,2022-03-11,Mushahwar Lab University of Alberta,Vivian Mushahwar,9,pig,Yucatan,female,not available,not available,32-42 kg,neurologically intact,NA,NA,NA,NA,NA,NA,NA,gait kinematics,NA,NA,kinematics; large animal model; overground walking; porcine model; spinal cord injury; walking,NA,Canada Foundation for Innovation; Canadian Institutes of Health Research; Department of Defense (USA),post,the overall goal of this study was to provide a baseline for the overground walking in the healthy Yucatan mini pigs,
696,http://doi.org/10.34945/F5ZP4P,Neuroprotection and bromodomain and extra-terminal domain (BET) protein inhibition after T8 spinal cord contusion in female rats and mice,animal,2022,2022-04-08,Jae Lee Lab,Susana Cerqueira,109,rat; mouse,Fischer 344; C57BL/6,female,Envigo; Jackson Labs,not reported; 8-10 weeks,160-180 g; not reported,contusion,thoracic,T8,not reported,Infinite Horizons impactor,moderate,programmed force; force; displacement,BBB; BMS,NA,drug/agent,IBET-151; IBET-762,BET proteins; BRD4; epigenetic inhibition; inflammation; spinal cord inj,NA,Department of Defense (USA); National Institutes of Health; National Institutes of Neurological Disorders and Stroke,post,"tested the therapeutic potential of inhibiting bromodomain and extraterminal domain (BET) proteins after SCI, and investigated the role of the BET protein BRD4 in macrophages during progression of SCI pathology",
727,http://doi.org/10.34945/F5KG6Z,"AIS impairment scale, injury characteristics, intraoperative data after spinal cord injury in patients from a TRACK-SCI cohort",clinical,2022,2022-03-24,TRACK-SCI De-ID Lab,Adam R Ferguson and Jonathan Z Pan,159,human (deidentified),NA,not disclosed,NA,18-87 years,NA,NA,cervical; other,not reported,NA,NA,AIS A-E,NA,NA,NA,NA,NA,,,Craig H. Neilsen Foundation; Department of Defense (USA); Department of Veterans Affairs (USA); National Institutes of Health; National Institute of Neurological Disorders and Stroke; Wings for Life,post,"the aim of the data collection was to identify predictors of whether a patient would improve on the ASIA Impairment Scale (AIS) grade between time of hospital admission and hospital discharge; predictors investigated include injury characteristics, anesthetics and vasopressors used during surgery, MRI BASIC score, length of surgery and hospital stay, and intraoperative hemodynamics",
734,http://doi.org/10.34945/F56887,Genetic deletion of the glucocorticoid receptor in Cx3cr1+ myeloid cells is neuroprotective and improves motor recovery in female mice after 75 kdyne T9 contusion spinal cord injury,animal,2022,2022-05-13,Phillip Popovich,Phillip G. Popovich,39,mouse,C57BL/6J,female; unknown,Bred at OSU University Animal Laboratory Resources Facility,7-30 weeks; unknown,20-30 g,contusion; sham; uninjured,thoracic,T9,not reported,Infinite Horizons impactor,moderate,programmed force; force; displacement,BMS,NA,genetic,glucocorticoid receptor deletion,astrocyte; axon regeneration; behaviour; deymelinated; glucocorticoid; macrophage; microglia; spinal cord injury,NA,National Institutes of Health; Ray W. Poppleton Endowment; Wings for Life,post,"we predicted that deleting GR in mouse myeloid lineage cells (i.e., microglia and monocyte-derived macrophages) would enhance inflammation at the site of injury and worsen functional recovery after traumatic spinal cord injury (SCI)",
695,http://doi.org/10.34945/F5B012,Microglia coordinate cellular interactions during spinal cord repair after contusion or crush spinal cord injury in female mice,animal,2022,2022-05-13,Phillip Popovich,Faith Brennan,230,mouse,C57BL/6J,female,Jackson Labs,10-12 weeks,not reported,contusion; sham; uninjured; forceps crush,thoracic; lumbar,T9; L1,not reported,Infinite Horizons impactor; forceps,not reported,programmed force; force; displacement,BMS; ladder walking,"SPRGR; heat sensitivity, von Frey",drug/agent,PLX5622,astrocyte; axon regeneration; behaviour; demyelinating disease; microglia; spinal cord injury,NA,Craig H. Neilsen Foundation; National Institutes of Health; Ray W. Poppleton Endowment; Wings for Life,post,"to better understand the specific role of microglia in SCI, we pharmacologically depleted microglia using the CSF1R antagonist PLX5622 (1200 ppm)",related GEO dataset: GSE196928
735,http://doi.org/10.34945/F52G69,Lung immunity after complete thoracic spinal cord transection in female mice,animal,2022,2022-05-13,Phillip Popovich,Katherine A. Mifflin,242,mouse,C57BL/6J,female,Jackson Labs,9-13 weeks,not available,transection; sham,thoracic,T2; T4,complete transection; sham,microscissors and suction,not reported,NA,NA,NA,NA,NA,AMD3100; bacteria; immune surveillance; infection; lung; pneumonia; pulmonary immunity; spinal cord injury,NA,Craig H. Neilsen Foundation; EU Eura Net - Neuron Program; National Institutes of Health; National Institute of Neurological Disorders and Stroke; Ohio State University; Ray W. Poppleton Endowment; William E. Hunt and Charlotte M. Curtis Endowment; Wings for Life,post,to test the hypothesis that SCI directly impairs pulmonary immunity and subsequently increases the risk for developing pneumonia,
747,http://doi.org/10.34945/F5DS3C,Comparing the effect of skilled forelimb rehabilitative training after unilateral cervical contusion and dorsal quadrant spinal cord injury in female Lewis rats,animal,2022,2022-06-10,Keith K Fenrich,Ana Lucas Osma; Romana Vavrek; Emma Schmidt,42,rat,Lewis,female,Charles River Canada,8 weeks,180-220 g,contusion; DLQ,cervical,C4; C5,unilateral (contusion: 1.25 mm from midline 15 degrees towards midline; DLQ: ipsilateral to preffered paw),Infinite Horizons impactor; custom blade,,programmed force,NA,SPRGR; forelimb severity score,rehabilitative training,SPRGR training,corticospinal tract; dorsolateral quadrant transection; forelimb motor task; functional recovery; grey matter loss; neuroplasticity; rubrospinal tract; rehabilitative training; single pellet reaching; skilled motor task; spinal cord injury; unilateral contusion,NA,Canadian Institutes of Health Research; Craig H. Neilsen Foundation,post,"to compare the impact of injury size on recovery in a SPRGR task, in rats with cervical unilateral contusion injuries (UCs) with a dorsolateral quadrant transection (DLQ)",
774,http://doi.org/10.34945/F5588X,Immune phenotyping SCI patients versus healthy controls,clinical,2022,2022-08-29,Somers-Fraussen lab,not reported,36,human (deidentified),NA,female; male,NA,18-73 years,NA,NA,cervical; thoracic,not reported,NA,NA,AIS A-E,NA,NA,NA,NA,NA,B cell; flow cytometry; human; immune profiling,NA,Wings for Life,post,this study aimed to extensively analyse the circulating immune cell composition in traumatic SCI patients in relation to clinical parameters,
731,http://doi.org/10.34945/F5XS31,Assessment of spinal cord glutathione levels and regulatory pathways at 1- and 3-days post-injury after 60 kDyn T9 spinal-contusion using the Infinite Horizons impactor in male and female 4- and 14-month old mice and evaluating n-acetylcysteine amide as a therapy in female 4- and 14-month old mice to restore spinal cord levels of glutathione and to protect against oxidative stress and affect locomotor outcomes and thermal sensitivity by 28-days after spinal cord injury,animal,2022,2022-09-13,Gensel Lab (Nero),Andrew Stewart,198,mouse,C57BL/6,female; male,Jax,4 months; 14 months,19-41 g,contusion,thoracic,T9,bilateral,Infinite Horizons impactor,not reported,programmed force; force; displacement,BMS,Hargreaves,drug/agent,n-acetylcysteine amide (NACA),aging; neuroprotection; oxidative stress; redox activity; sex difference,NA,Craig H. Neilsen Foundation; National Institutes of Health; National Institute on Alcohol Abuse and Alcoholism; National Institute of Neurological Disorders and Stroke; University of Kentucky,post,"the purpose of this study was to evaluate the role of advanced age at the time of spinal cord injury (SCI) on antioxidant defense, with an emphasis on glutathione synthesis and metabolism; further this study aimed to determine if enhancing spinal levels of glutathione using the cysteine supplement n-acetylcysteine amide (NACA) would confer age-dependent effects on functional and histological outcomes",
811,http://doi.org/10.34945/F5WS3Q,Facilitation of sensory axon conduction to motoneurons during cortical or sensory evoked primary afferent depolarization (PAD) in humans,clinical,2022,2022-12-07,Gorassini,Gorassini,40,human (deidentified),NA,female; male,NA,20-67 years,NA,neurologically intact,NA,NA,NA,NA,NA,NA,NA,NA,NA,NA,corticospinal tract; cutaneous afferents; GABA; H-reflex; nodal facilitation; presynaptic inhibition; primary afferent depolarization; proprioceptive afferents,824,Natural Sciences and Engineering Research Council of Canada,post,"GABAergic pathways actually facilitate conduction along afferents in the spinal cord by depolarizing the afferent at vulnerable branch points and reducing branch point failure; based on these recent findings, we evaluated similar pathways in uninjured humans",shares subjects with dataset 824
800,http://doi.org/10.34945/F51G60,"Delayed viral vector mediated delivery of neurotrophin-3 improves skilled hindlimb placement on the horizontal ladder, hindlimb coordination during swimming, and stability walking in the open field after T9 thoracic contusion in female rats",animal,2022,2022-12-09,Philippa Warren Lab,Jared Sydney-Smith,29,rat,Sprague-Dawley,female,Charles River,8 weeks,232-275 g,contusion; sham,thoracic,T9,not reported,Infinite Horizons impactor,severe,programmed force; force; displacement,BBB,trunk stability; toe clearance; paw position; tail position; ladder walking,drug/agent,AAV1-CMV-NT3,adeno-associated viral vector; contusion; hyperreflexia; neuroplasticity; neurotrophin-3; proprioception; spinal cord injury,NA,International Spinal Research Trust; King's College London; Medical Research Council,post,to test the hypothesis that injection of AAV1-CMV-NT3 to the rat abdominal and hindlimb muscles 48-hours following severe T9 contusion will enable functional recovery of skilled locomotive activity and reduced hyper reflexivity in female rats,
822,http://doi.org/10.34945/F5VS3D,CatWalk Gait parameters at 8 weeks after T10 thoracic contusion using the MASCIS impactor model III in male and female 8- to 10-week old rats,animal,2022,2022-12-14,Tianjin Key Laboratory of Spine and Spinal Cord,Guangzhi Ning,48,rat,Wistar,female; male,Charles River,8-10 weeks,190-210 g,contusion; sham,thoracic,T10,not reported,MASCIS impactor model III,mild; moderate; severe,weight; weight drop height,NA,catwalk,NA,NA,behavioural testing; CatWalk XT; locomotor function assessment; thoracic spinal cord contusion,NA,National Natural Science Foundation of China,post,"to discover CatWalk gait parameters applicable to different severity ranges (sham, mild, moderate, severe) of T10 spinal cord contusion injury in rats",
824,http://doi.org/10.34945/F5M88Z,H-reflex modulation from sensory conditioning in non injured female and male human participants,clinical,2023,2023-02-10,Gorassini,Gorassini ,28,human (deidentified),NA,female; male,NA,20-67 years,NA,neurologically intact,NA,NA,NA,NA,NA,NA,NA,NA,NA,NA,GABA; H-reflex; presynaptic inhibition; post activation depression; 1a afferents,811,Natural Sciences and Engineering Research Council of Canada,post,to examine the control of sensory signals by GABAergic inputs along the Ia-motoneuron pathway in humans,shares subjects with dataset 811
851,http://doi.org/10.34945/F5730S,hM4Di-mediated chemogenetic attenuation of acute nociceptive signaling enhances locomotor function and prevents the development of thermal hypersensitivity following moderate T10 spinal cord contusion injury in female Sprague-Dawley rats,animal,2023,2023-03-31,Dulin Lab,Prakruthi Amar Kumar,51,rat,Sprague-Dawley,female,Charles River,6 weeks,200-250 g,neurologically intact; sham; contusion,thoracic,T10,not reported,Infinite Horizons impactor,not reported,programmed force; force; displacement,BBB,Hargreaves; von Frey; acetone,drug/agent,AAV6-hM4Di,chemogenetics; locomotor function; nociception; sensation; spinal cord injury,NA,Craig H. Neilsen Foundation; The Institute for Rehabilitation and Research Foundation: Mission Connect; National Institutes of Health,post,to evaluate the effects of transient nociceptor silencing on long-term sensory and motor functional outcomes in a rat thoracic contusion SCI model,
853,http://doi.org/10.34945/F53889,An online survey about the top priorities for recovery and interest in Spinal Cord Stimulation for people living with SCI (Spinal Cord Injury),clinical,2023,2023-05-05,Praxis Spinal Cord Institute,not reported,231,human (deidentified),NA,female; male,NA,not reported,not reported,NA,cervical; thoracic; lumbar,Cervical level C1-4 (upper neck); Cervical level C5-8 (lower neck); Thoracic level T1-T11 (upper/mid back); Lumbar/sacral level L1-S5 (lower back); Other; Not sure/ Do not know,NA,NA,AIS A-D,NA,NA,NA,NA,NA,clinical research; clinical trial design; community perspectives; community survey; risk tolerance; spinal cord injury; spinal cord stimulation,NA,Praxis Spinal Cord Institute; Western Economic Diversification Canada,post,to obtain opinions from people living with SCI (Spinal Cord Injury) on the desired outcomes and perceived potential risks of SCS (Spinal Cord Stimulation),
873,http://doi.org/10.34945/F5TS33,Developmental stage of transplanted neural progenitor cells influences anatomical and functional outcomes after C5 dorsal column lesion and T12 contusion spinal cord injury in male and female C57BL/6 mice,animal,2023,2023-05-12,Dulin Lab,Miriam Aceves,106,mouse,C57BL/6,female; male,Jackson Labs,10 weeks,15-35 g,dorsal column lesion; contusion,cervical; thoracic,C5; T12,not reported,wire knife; Infinite Horizons impactor,not reported,programmed force; force; displacement,BMS,Hargreaves,graft/cellular,developmentally restricted NPCs,CGRP; contusion; locomotor function; neural progenitor cell; neural stem cell; serotongergic axons; spinal cord injury; thermal sensi,NA,Craig H. Neilsen Foundation; The Institute for Rehabilitation and Research Foundation: Mission Connect; National Institutes of Health,post,to enhance understanding of how graft cellular composition influences regeneration and synaptogenesis of host axon populations or recovery of motor and sensory functions after SCI,
877,http://doi.org/10.34945/F5K88N,"Chronic demyelination and myelin repair after T9 contusion spinal cord injuries in male and female mice as measured by new myelin formation, motor evoked potentials, nodal structure, and EM myelin analysis, and further determining the link to glutamatergic axon activity and OPC contacts using chemogenetics in a T3 crush model",animal,2023,2023-05-17,Dana McTigue,Npukos,139,mouse,PDGFRalpha-CreERT2:Tau-mGFP; C57BL/6J; Vglut2-ires-Cre,female; male,Jackson Labs; in-house colony/breeding,2-4.5 months,19-24 g; not reported,contusion; complete crush,thoracic,T3; T9,not reported,Infinite Horizons impactor; not reported,not reported,programmed force,BMS; ladder walking,ladder walking,NA,NA,"demyelination; DREADDs; glutamate, myelin repair, spinal cord injury",NA,National Cancer Institute,post,to significantly extend those findings (re: generation of oligodendrocytes peaks 4-7 weeks post-injury) to determine the long-term myelin changes that occur in response to SCI,
893,http://doi.org/10.34945/F5SW2F,Female C57BL6/J mice exhibit increased heat hyperalgesia and mechanical allodynia compared to males following a T9 contusion spinal cord injury as measured by Hargreaves and SUDO von Frey testing,animal,2023,2023-06-23,Gaudet Lab | University of Texas at Austin,not reported,198,mouse,C57BL/6J,female; male,Jackson Labs,1.75-5 months,not reported,contusion; sham,thoracic,T9,midline,Infinite Horizons impactor,not reported,programmed force; force; displacement,BMS,SUDO von Frey; Hargreaves,NA,NA,chronic pain; neuropathic pain; sex as a biological variable; sex differences; spinal cord injury,NA,The Institute for Rehabilitation and Research Foundation: Mission Connect; University of Texas at Austin; Wings for Life,post,to test if contusion spinal cord injury (SCI) causes acute-to-chronic neuropathic pain-like symptoms in mice and to determine if there are sex differences in these SCI-induced pain-like behaviors,
887,http://doi.org/10.34945/F5XK5Q,Differences in anatomical outcomes between early chronic (8w) and far chronic (26w) time points after transplantation of mouse spinal cord neural progenitor cells into sites of cervical (C4) dorsal column lesion SCI in male and female mice,animal,2023,2023-06-29,Dulin Lab,Angelina Baltazar,30,mouse,C57BL/6,female; male,Jackson Labs,8 weeks,17-33 g,dorsal column lesion,cervical,C4,not reported,wire knife,not reported,NA,NA,NA,graft/cellular,NPCs,cell transplantation; CGRP; corticospinal tract; dorsal column tract; neural progenitor cell; neural stem cell; regeneration; spinal cord injury,NA,The Institute for Rehabilitation and Research Foundation: Mission Connect; National Institutes of Health; Texas A&M College of Science,post,to determine how commonly assessed anatomical outcomes evolve between the early and far chronic time points post-NPC transplantation,
938,http://doi.org/10.34945/F5DK52,"Lumbar (L2-L4) intermediate gray matter (laminae V-VIII) kainic acid-induced spinal cord injury in female Fisher 344 rats creates deficits in gross locomotion, coordination, balance and gait",animal,2023,2023-08-31,Puttagunta Lab,Naemi Kuehn,29,rat,Fischer 344,female,Janvier Labs France,10 weeks,180-200 g,kainic acid,thoracic,T12; T13,bilateral,PicoSpritzer II and a pulled glass capillary,not reported,NA,BBB; ladder walking,inclined beam; von Frey; Hargreaves; catwalk,NA,NA,behavioural deficits; lumbar enlargement; spinal cord injury; spinal gray matter; spinal interneurons; spontaneous functional recovery,NA,Deutsche Forschungsgemeinschaft,post,to establish a lumbar intermediate gray matter spinal cord injury model for future cell transplantation work with detailed behavioral readouts,
941,http://doi.org/10.34945/F55305,"Impact of Anti-CCL3 FANA Oligonucleotide in T10 contusion Spinal Cord Injury using female mice on locomotor function, and inflammation",animal,2023,2023-10-04,Kroner,Kroner,102,mouse,C57BL/6,female,Charles River,8 weeks,18-21 g,contusion,thoracic,T10,not reported,Infinite Horizons impactor,not reported,force; displacement,BMS,weight support,drug/agent,FANA ASO,CCL3; FANA ASO; inflammation; novel RNA inhibitor; secondary damage; spinal cord injury,NA,Department of Neurosurgery,post,to examine the therapeutic potential of a novel antisense oligonucleotide (ASO) with special chemical modifications [2'-deoxy-2-fluoro-D-arabinonucleic acid (FANA) ASO] for specifically inhibiting an inflammatory molecule in the injured spinal cord,
956,http://doi.org/10.34945/F5N30H,C57BL/6J mice exposed to dim light-at-night following a T9 contusion spinal cord injury exhibit modest improvements in locomotor recovery accompanied by increased behaviors related to depression and mechanical neuropathic pain,animal,2023,2023-10-17,Gaudet Lab | University of Texas at Austin,not reported,39,mouse,C57BL/6J,female; male,Jackson Labs,30 weeks,19-42 g,contusion; sham,thoracic,T9,midline,Infinite Horizons impactor,not reported,programmed force; force; displacement,BMS,SUDO von Frey; Hargreaves; sucrose preference test; juvenile social exploration; open field test,environmental,alteration to light-dark cycle,anxiety; circadian rhythm; depression; neuroinflammation; neuropathic pain; neuroprotection; spinal cord injury,NA,The Institute for Rehabilitation and Research Foundation: Mission Connect; National Institutes of Health; National Institute of Neurological Disorders and Stroke; University of Texas at Austin; Wings for Life,post,"to assess the effects of circadian disruption via exposure to dim light-at-night (dLAN) on locomotor recovery, tissue sparing, neuropathic pain sensitivity, and mood-related behaviors in mice following a T9 contusion spinal cord injury (SCI)",
687,http://doi.org/10.34945/F5HC7P,"Probiotic treatment in female Lewis rats following unilateral incomplete cervical (C5) contusion injury: behavior, histological and systemic cytokine data",animal,2023,2023-11-02,Karim Fouad,Fouad,28,rat,Lewis,female,Charles River Canada,12 weeks,210-220 g,contusion,cervical,C5,unilateral - right side,Infinite Horizons impactor,not reported,programmed force,ladder walking,"elevated plus maze, light-dark box; cylinder; open field test",drug/agent,probiotic cocktail,anxiety; gut microbiome; motor recovery; probiotics; rat; spinal cord injury,688,Canadian Institutes of Health Research; Craig H. Neilsen Foundation,post,"to test whether a probiotic treatment immediately after a unilateral incomplete cervical spinal cord injury in female rats prevents gut dysbiosis, promotes motor recovery and dampens the related anxiety like behavior as we have previously reported for fecal matter transplants",behavioural data is missing from subject data file online - Romana has the original copy with the data
688,http://doi.org/10.34945/F5CP4D,Probiotic treatment in female Lewis rats following unilateral incomplete cervical (C5) contusion injury: Microbiome report,animal,2023,2023-11-02,Karim Fouad,Fouad,28,rat,Lewis,female,Charles River Canada,12 weeks,210-220 g,contusion,cervical,C5,unilateral - right side,Infinite Horizons impactor,not reported,programmed force,NA,NA,drug/agent,probiotic cocktail,anxiety; gut microbiome; motor recovery; probiotics; rat; spinal cord injury,687,Canadian Institutes of Health Research; Craig H. Neilsen Foundation,post,to investigate the effects of a commercially available probiotic on recovery in a rat model of cervical SCI,
980,http://doi.org/10.34945/F50C71,Effect of transcranial electrical stimulation (TES) on the First Flexion Angle and Abductor Hallucis H-reflex in a person with T4-motor-complete spinal cord injury,clinical,2023,2023-11-22,Gorassini,Gorassini,1,human (deidentified),NA,male,NA,27 years,NA,NA,thoracic,T4,NA,NA,AIS B - motor complete sensory incomplete,NA,NA,NA,electrical stimulation,transcutaneous electrical stimulator,cutaneoumuscular reflex; hypertonus; H-reflex; pendulum test; spinal cord injury; transcutaneous electrical stimulation,NA,Canadian Institutes of Health Research; Craig H. Neilsen Foundation,post,case study to examine the reduction in hypertonus in a person with T4-motor-complete-SCI using a commercial transcutaneous electrical stimulator (TES) at 150-Hz applied to the lower back and the possible mechanisms producing this reduction in leg tone,
955,http://doi.org/10.34945/F57W2G,Impact of Anti-Inflammatory Medication on Task-Specific Training Efficacy and Functional Recovery After Unilateral Dorsal Quadrant C4 Cervical Spinal Cord Injury in Female Lewis Rats,animal,2023,2023-11-29,Karim Fouad,Jaison Cucarian,53,rat,Lewis,female,Charles River Canada,2 months,180-220 g,DLQ,cervical,C4,unilateral - ipsilateral to preferred paw,,NA,NA,ladder walking,SPRGR; von Frey; light-dark box; elevated plus maze; open field test; IBB,drug/agent,diphenhydramine; methylprednisolone,antihistamines; corticosteroids; dorsolateral quadrant transection; inflammation; neuroplasticity; recovery; rehabilitative training; single pellet reaching task; skilled motor task; spinal cord injury; task-specific training,NA,Canadian Institutes of Health Research; Craig H. Neilsen Foundation,post,to test whether common anti-inflammatory medications that could be given for any reason in later stages of a spinal lesion affect the efficacy of rehabilitative training in rats with unilateral incomplete cervical spinal cord injuries,cohort 1 and 2 are different sets of animals but same ID sequence used for both...
930,http://doi.org/10.34945/F5JC70,"PI3K inhibition in foamy macrophages after T8 spinal cord contusion in female mice, and in cultured macrophages treated with spinal cord homogenate",animal; cell,2023,2023-12-01,Jae Lee Lab,Christine Ryan,37,mouse,C57BL/B6,female; male,Jackson Labs,8-10 weeks,17-23 g,contusion,thoracic,T8,not reported,Infinite Horizons impactor,not reported,programmed force; force; displacement,NA,NA,NA,NA,autophagy; foam cells in CNS; foamy macrophage; inflammation; lipid droplet accumulation; lipid metabolism; mitochondrial uncoupling; oxidative stress; phagocytosis; PI3K signal transduction; spinal cord injury; Torin-2,NA,National Institutes of Health; National Institute of Neurological Disorders and Stroke,post,to investigate the cellular and molecular mechanisms by which foamy macrophages may drive the cellular pathology after subacute SCI (7 days post injury),related GEO dataset: GSE237511
786,http://doi.org/10.34945/F5M599,Effects of IB4+ nociceptor ablation on motor and pain-like behaviors in a female Sprague Dawley rat model with a unilateral C5 contusion injury,animal,2024,2024-01-27,Detloff Lab-Drexel University Collect of Medicine,John Walker,69,rat,Sprague-Dawley,female,Charles River,10 weeks,237-329 g,contusion; sham,cervical,C5,unilateral,Infinite Horizons impactor,not reported,force; displacement; velocity,NA,Vulintus isometric pull task; SPRGR; Montoya staircase; IBB cereal manipulation; cylinder; von Frey; Hargreaves,drug/agent,IB4 conjugated Saporin,contusion; dorsal root ganglia; nociceptor; plasticity; sensorimotor; spinal cord injury,NA,National Institute of Neurological Disorders and Stroke; National Institute on Drug Abuse,post,to investigate whether maladaptive nociceptor plasticity is causal to the stereotypical motor deficits seen in reaching and grasping,
939,http://doi.org/10.34945/F51C7B,Example AMPA Receptor and Housekeeping Protein Expression Data from Male Long-Evans Rats for the Purpose of Demonstrating the blotRig Western Blot Tool,animal,2024,2024-02-22,Ferguson Lab,Huie,29,rat,Long Evans,male,Simonsen Labs,3 weeks,188-385 g,transection; transection + spared nerve inj,thoracic,T9,not reported,microscissors,not reported,NA,NA,NA,NA,NA,reproducible Western blot; Western blot,NA,Craig H. Neilsen Foundation; Department of Veterans Affairs (USA); National Institutes of Health; Wings for Life,post,to demonstrate best practices in analyzing western blot data,
940,http://doi.org/10.34945/F5GC7C,"Neuropathic Pain, Depressive-like Behaviors and Myeloid Cell Polarization in LysM-eGFP Mice of Both Sexes Following a Moderate Unilateral Cervical SCI",animal,2024,2024-03-14,Detloff Lab-Drexel University Collect of Medicine,Jonathan Richards,133,mouse,LysM-eGFP,female; male,Mutant Mouse Research Resource Center,> 6 weeks,20-25 g,contusion; sham,cervical,C5,unilateral,Infinite Horizons impactor,moderate,programmed force; programmed dwell time; force; displacement; velocity,NA,von Frey; Hargreaves; sucrose preference; mechanical conflict avoidance paradigm; forced swim test,NA,NA,depression; macrophage; neuroinflammation; pain; spinal cord injury,NA,National Institutes of Health; National Institute of Neurological Disorders and Stroke,post,to characterize development of pain- and mood-related behaviors and correlate them with the innate immune response post-SCI,133 unique subject IDs found in dataset; unclear what the true number of subjects is because this is not in line with what is indicated in the methods and there are a few duplicated IDs in the data file
1090,http://doi.org/10.34945/F5160Z,Microglia promote maladaptive plasticity within the spinal autonomic circuitry after T3 spinal cord injury in female mice,animal,2024,2024-05-13,Phillip Popovich,F. Brennan,325,mouse,C57BL/6J; C57BL/6J; stock no. 000664; Slc17a6tm2(cre)Lowl/J; stock no. 016963; C57BL/6J; Cx3cr1creER; stock no. 020940; C57BL/6J; ; Cx3cr1creER x Rosa26iDTR; stock 020940 x 007900; B6.Cg-Tg(Csf1r-EGFP)1Hume/J; stock no. 018549,female; male,Jackson Labs,10-12 weeks,not reported,transection; crush; sham,thoracic,T3,not reported,microscissors; forceps,not reported,NA,NA,NA,drug/agent,PLX5622,astrocyte; autonomic dysreflexia; axon sprouting; dysautonomia; immune suppression; microglia; spinal cord injury; synaptic plasticity,NA,Craig H. Neilsen Foundation; National Institutes of Health; Centre for Neuroanatomy with Neurotropic Viruses;  Ray W. Poppleton Endowment; Wings for Life,post,to explore the role of microglia in maladaptive structural and functional plasticity after high-level SCI,
888,http://doi.org/10.34945/F5SP44,Ultrasound-based anatomical measurements following a unilateral C5 contusion injury in female Long Evans rats,animal,2024,2024-05-16,Khaing Lab,Khaing,25,rat,Long Evans,female,Envigo,8 weeks,230-314 g,contusion,cervical,C5,unilateral - right side,Infinite Horizons impactor,not reported,force,NA,NA,NA,NA,cervical spinal cord; contrast enhanced ultrasound imaging; injury expansion; secondary damage; spinal cord injury; ultrasound imaging,889; 894,National Institutes of Health; National Institute of Child Health and Human Development; National Institute of Neurological Disorders and Stroke,post,to use intravital contrast-enhanced ultrasound imaging to examine the evaluation of the unilateral cervical SCI using longitudinal imaging to quantify anatomical and hemodynamic changes in vivo through the entire spinal parenchyma,
890,http://doi.org/10.34945/F5XG62,Histological evaluation of tissue hypoxia following an unilateral C5 contusion injury in female Long Evans rats,animal,2024,2024-05-16,Khaing Lab,Khaing,16,rat,Long Evans,female,Envigo,8 weeks,200-300 g,contusion,cervical,C5,unilateral,Infinite Horizons impactor,not reported,not reported,NA,NA,NA,NA,,NA,National Institutes of Health; National Institute of Child Health and Human Development; National Institute of Neurological Disorders and Stroke,post,to use intravital contrast-enhanced ultrasound imaging to examine the evaluation of the unilateral cervical SCI using longitudinal imaging to quantify anatomical and hemodynamic changes in vivo through the entire spinal parenchyma,
889,http://doi.org/10.34945/F5259B,Ultrasound-based hemodynamic measurements (bolus kinetics) following a unilateral C5 contusion injury in female Long Evans rats,animal,2024,2024-05-16,Khaing Lab,Khaing,25,rat,Long Evans,female,Envigo,8 weeks,230-314 g,contusion,cervical,C5,unilateral,Infinite Horizons impactor,not reported,not reported,NA,NA,NA,NA,,888; 894,National Institutes of Health; National Institute of Child Health and Human Development; National Institute of Neurological Disorders and Stroke,post,to use intravital contrast-enhanced ultrasound imaging to examine the evaluation of the unilateral cervical SCI using longitudinal imaging to quantify anatomical and hemodynamic changes in vivo through the entire spinal parenchyma,
894,http://doi.org/10.34945/F5P015,"Histological evaluation of vascular coverage, apoptosis and tissue sparing following an unilateral C5 contusion injury in female Long Evans rats",animal,2024,2024-05-16,Khaing Lab,Khaing,24,rat,Long Evans,female,Envigo,8 weeks,232-298 g,contusion,cervical,C5,unilateral,Infinite Horizons impactor,not reported,not reported,NA,NA,NA,NA,,888; 889,National Institutes of Health; National Institute of Child Health and Human Development; National Institute of Neurological Disorders and Stroke,post,"to histologically characterize the injury, we performed stainings to assess Vascular coverage, apoptosis, and tissue sparing",
1059,http://doi.org/10.34945/F59P4S,"Investigating the temporal effects of spinal cord injury on cardiac function and structure in male rats with T3 complete transection and determining the primary cause of cardiac decline following spinal cord injury using male rats with T3 or L2 complete transection, or T2 severe contusion",animal,2024,2024-06-04,West Lab,Mary P.M. Fossey,112,rat,Wistar; Sprague-Dawley,male,Envigo; Charles River Canada,10-12 weeks; 23 weeks,266-528 g,contusion; transection,thoracic; lumbar,T3; L2,complete transection; midline contusion,Infinite Horizons impactor; microscissors and suction,complete; severe,programmed force; programmed dwell time,NA,NA,drug/agent,hexamethonium bromide; minocycline,cardiac function; cardiac volumes; cardiomyocyte; cardiovascular system; echocardiography; hexamethonium bromide; histology; left-ventricular catheterization; minocycline; qPCR; spinal cord injury; sympathetic nervous system,NA,BC Knowledge Development Fund; Canada Foundation for Innovation; Heart and Stroke Foundation of Canada; ICORD/Praxis Spinal Cord Institute; Michael Smith Foundation for Health Research,post,the first study (manuscript Part I) investigated the temporal changes in the heart on the acute-to-chronic continuum post-SCI; the remaining studies (manuscript Part II) investigated whether the primary cause of altered cardiac function post-SCI was the loss of sympathetic control to the heart,
1096,http://doi.org/10.34945/F5RP56,International Standards for Neurological Classification of Spinal Cord Injury (ISNCSCI): A workbook with important classification cases,clinical - hypothetical,2024,2024-06-06,International Standards Committee of the American Spinal Injury Association,Brittany Snider,26,human (deidentified),NA,NA,NA,NA,NA,NA,cervical; thoracic; lumbar,C1-L4,NA,NA,AIS A-E,NA,NA,NA,NA,NA,human spinal cord injury; International Standards for Neurological Classificaiton of Spinal Cord Injury; ISNCSCI; reference cases; workbook,NA,not reported,post,a comprehensive dataset of representative ISNCSCI cases with annotated classifications is not yet available within the field; the purpose of this dataset is to provide such a workbook to illustrate important classification rules definitions and nuances for a wide range of spinal cord injuries,hypothetical/synthetic data
1082,http://doi.org/10.34945/F5DG6D,"Part I: A CLIMBER Meta-analysis, recovery time measured by behavioral outcome tests after contusive injuries on various spinal levels segments in rats and mice of both sexes from Literature-Extracted Data (LED)",animal - derived,2024,2024-07-12,Ferguson Lab,Lindsey; Scheff; Gensel; Almad; Patel; Ferguson; Pukos,21,rat; mouse,Long Evans; Sprague-Dawley; C57BL/6J,female; male,Simonsen Labs; Jackson Labs; Harlan Labs; not reported,75-83 days; adult; 77-87 days; 84 days; not reported,17-23 g; 200-355 g; not reported,contusion,cervical; thoracic; lumbar,C5; T9; T9-T10; T10; L1-L2,not reported,NYU impactor; Infinite Horizons impactor,mild; moderate; severe,weight drop height; programmed force,BBB; BMS,grooming,NA,NA,analytics; animal studies; data-science; individual participant data (IPD); meta-analysis; meta-science; spinal cord injury; systematic review,1081,"Canadian Institutes of Health Research; Craig H. Neilsen Foundation; Department of Veterans Affairs (USA); Ministeriums für Wissenschaft, Forschung und Kunst; National Institutes of Health; National Institute of Neurological Disorders and Stroke; Wings for Life",post,to analyze recovery after spinal cord injury through various different behavioral outcome tests; the study compared effect sizes from literature sourced (literature-extracted data (LED)) to the literatures’ corresponding publicly available raw data (individual animal data (IAD)),
1081,http://doi.org/10.34945/F5J59P,"Part II: A CLIMBER Meta-analysis, recovery time measured by behavioral outcome tests after contusive injuries on various spinal levels in rats and mice of both sexes from 7 public datasets (Individual Animal Data (IAD)) corresponding to Part 1 Literature-Extracted Data",animal - derived,2024,2024-07-12,Ferguson Lab,Lindsey; Scheff; Gensel; Almad; Patel; Ferguson; Pukos,292,rat; mouse,Long Evans; Sprague-Dawley; C57BL/6J,female; male,Simonsen Labs; Jackson Labs; Harlan Labs; not reported,75-83 days; adult; 77-87 days; 84 days; not reported,17-23 g; 200-355 g; not reported,contusion,cervical; thoracic; lumbar,C5; T9; T9-T10; T10; L1-L2,not reported,NYU impactor; Infinite Horizons impactor,mild; moderate; severe,weight drop height; programmed force,BBB; BMS,grooming,NA,NA,individual subject data (IPD); literature-extracted data; meta-analysis; meta-science; spinal cord injury; systematic review,1082,"Canadian Institutes of Health Research; Craig H. Neilsen Foundation; Department of Veterans Affairs (USA); Ministeriums für Wissenschaft, Forschung und Kunst; National Institutes of Health; National Institute of Neurological Disorders and Stroke; Wings for Life",post,to analyze recovery after spinal cord injury through various different behavioral outcome tests; the study compared effect sizes from literature sourced (literature-extracted data (LED)) to the literatures’ corresponding publicly available raw data (individual animal data (IAD)),
1121,http://doi.org/10.34945/F54016,Histological measurement of interstitial fluid flow and relationship to lesion volume after C4 hemicontusion in male and female rats,animal,2024,2024-09-04,Cornelison Group,Kwon,38,rat,Sprague-Dawley,female; male,Charles River,8-12 weeks,196-606 g,contusion,cervical,C4,unilateral,Infinite Horizons impactor,not reported,programmed force,NA,NA,NA,NA,cavity; fluid transport; histological dye; interstitial fluid,NA,University of Massachusetts Amherst,post,to measure the effects of spinal cord injury on interstitial pressure and fluid flow and examine the potential role of interstitial fluid flow on lesion volume enlargement,
1120,http://doi.org/10.34945/F57S3T,Functional Forelimb Recovery and Corticospinal Tract Changes after Chondroitinase Treatment in Male Primates after Cervical C7 Spinal Hemisection,animal,2024,2024-10-14,Ferguson Lab,Tuszynski,12,monkey,Macaca mulatta,male,not reported,6-10 years,10-14 kg,hemisection,cervical,C7,not reported,scalpel,not reported,NA,NA,general locomotion; climbing; object manipulation; Brinkman Board,drug/agent,chondroitinase (Chase),,NA,Bernard and Anne Spitzer Charitable Trust; Craig H. Neilsen Foundation; Dr. Miriam and Sheldon G. Adelson Medical Research Foundation; Department of Veterans Affairs (USA); National Institutes of Health,post,"to evaluate the behavioral and neurobiological effects of intraparenchymal treatment with the enzyme chondroitinase (Chase) in rhesus monkeys that had undergone cervical (C7) spinal cord hemisection, targeting spinal cord circuits that control hand function",
1195,http://doi.org/10.34945/F5M01J,Treating a C5 contusion injury in female rats with sigmoid protein and 4-methylumbelliferone in combination with single pellet grasping training,animal,2024,2024-10-15,Karim Fouad,Ed Armstrong,30,rat,Lewis,female,Charles River Canada,2 months,170-300 g,contusion,cervical,C5-C6,unilateral - ipsilateral to preferred paw,Infinite Horizons impactor,not reported,programmed force; programmed dwell time,ladder walking,SPRGR; cylinder; elevated plus maze; IBB; forelimb locomotor scale,,,behaviour; intracellular sigmoid protein; perineuronal net; spinal cord injury; 4-methylumbelliferone,NA,New Frontiers in Research Fund,post,"to test the effect of 4-methylumbelliferone (4-MU), an inhibitor for hyaluronan (HA) synthesis and Intracellular Sigmoid Protein, a PTP sigma antagonist, in combination with single pellet grasping (SPG) training on neuroplasticity and functional recovery following cervical spinal cord injury in rats",
1204,http://doi.org/10.34945/F5BG6S,Motor cortex neuromodulation activates molecular signaling necessary for corticospinal axon growth and muscle response plasticity in intact rats and in rats with bilateral cervical spinal cord injury,animal,2024,2024-11-04,Martin Laboratory,Neela Zareen,125,rat,Sprague-Dawley,female,Charles River,2-3 months,275-300 g,contusion; neurologically intact,cervical,C4,bilateral,Infinite Horizons impactor,moderate,programmed force; programmed dwell time,NA,NA,electrical stimulation,repetitive multi-pules stimulation (rMPS),axon sprouting; Jak/Stat; motor cortex; mTOR; PTEN; spinal cord injury,NA,Craig H. Neilsen Foundation; New York State SCI Board; National Institutes of Health,post,"to determine the effects of short-term and long-term repetitive multi-pulse stimulation (rMPS) and intermittent theta burst stimulation (iTBS) neuromodulation applied to motor cortex, on corticospinal tract (CST) axon structural remodeling, physiological connectivity (motor evoked potential, MEP) and activation of axon growth-promoting molecular signaling (mTOR, PTEN and Jak/Stat) in rats without injury and after moderate, bilateral cervical spinal cord contusion injury",
1237,http://doi.org/10.34945/F52307,Cytosolic Phospholipase A2 in Infiltrating Monocyte-Derived Macrophages Does Not Impair Recovery After Thoracic Contusion Spinal Cord Injury in Female Mice,animal; cell,2024,2024-12-10,Gensel Lab (Nero),Ethan Glasser,62,mouse,C57BL/6,female,Jackson Labs,3 months,22-35 g,contusion,thoracic,T9,midline,Infinite Horizons impactor,not reported,programmed force; programmed dwell time; force; displacement,BMS; ladder walking,catwalk,genetic ,generated cPLA2 KO chimeras,inflammation; macrophage; myelin; spinal cord injury,NA,Craig H. Neilsen Foundation; National Institutes of Health; National Institute of Neurological Disorders and Stroke,post,to determine the role of macrophage cPLA2 expression on spinal cord injury (SCI) pathology and recovery,
1235,http://doi.org/10.34945/F55S36,Pleiotrophin Efficacy in vitro and Dose-Response Experiments in vivo Following an Incomplete Cervical Dorsolateral Quadrant Spinal Cord Injury in Adult Male and Female Lewis Rats,animal; cell,2025,2025-01-06,Keith K Fenrich,Carmen Ng,50,rat,Sprague-Dawley; Lewis,female; male,Charles River Canada; not reported,9 weeks,200-350 g,DLQ,cervical,C4,unilateral - right side,blade,incomplete,NA,NA,ladder walking; cylinder; von Frey,drug/agent,pleiotrophin (PTN),dorsolateral quadrant (DLQ); in vitro; in vivo; lesion; pleiotrophin; rat; spinal cord injury,1234; 1228,Wings for Life,post,"to generate a dose-response curve for pleiotrophin (PTN) treatment in adult rat spinal cord injury (SCI) models and to further understand the capabilities of PTN in promoting neurite outgrowth in vitro and in vivo, compared to chondroitinase ABC (ChABC) therapy",
1234,http://doi.org/10.34945/F59K54,Pleiotrophin and Rehabilitative Training Following an Incomplete Cervical Dorsolateral Quadrant Spinal Cord Injury in Adult Female Lewis Rats,animal,2025,2025-01-06,Keith K Fenrich,Carmen Ng,24,rat,Lewis,female,Charles River Canada,13 weeks,200-350 g,DLQ,cervical,C4,unilateral - ipsilateral to preferred paw,blade,incomplete,NA,ladder walking,SPRGR; von Frey,drug/agent,pleiotrophin (PTN),dorsolateral quadrant (DLQ); lesion; pleiotrophin; rat; rehabilitative training; single pellet reaching grasping retrieval (SPRGR); spinal cord injury,1235; 1228,Wings for Life,post,to test the capabilities of pleiotrophin (PTN) to promote forelimb motor recovery after a cervical dorsal lateral quadrant (DLQ) partial transection spinal cord injury (SCI) in adult rats and to evaluate PTN as a potential treatment in the clinic,
1228,http://doi.org/10.34945/F5F88D,Pleiotrophin and Rehabilitative Training Following Cervical Contusion Spinal Cord Injury in Adult Female Lewis Rats,animal,2025,2025-01-06,Keith K Fenrich,Carmen Ng,24,rat,Lewis,female,Charles River Canada,12 weeks,200-350 g,contusion,cervical,C5,unilateral - side of preferred paw,Infinite Horizons impactor,not reported,programmed force,ladder walking,SPRGR; von Frey,drug/agent,pleiotrophin (PTN),contusion; pleiotrophin; rat; rehabilitative training; single pellet reaching grasping retrieval (SPRGR); spinal cord injury,1234; 1235,Wings for Life,post,to test the capabilities of pleiotrophin (PTN) to promote forelimb motor recovery after a cervical contusion spinal cord injury (SCI) in adult rats and to evaluate PTN as a potential treatment in the clinic,
1276,http://doi.org/10.34945/F5H308,An optogenetic model of hindlimb spasticity after complete T9-T10 spinal cord transection in male and female C57bl/6 mice,animal,2025,2025-02-11,Tuan Bui Laboratory,Alex Laliberte and Tuan Bui,22,mouse,C57BL/6 ,female,Tri-hybrid generated from Jackson labs lines,86-202 days,17-26 g,transection,thoracic,T9-T10,NA,sharps,complete,NA,NA,NA,optogenetic,optogenetic stimulation of VGLUT2+ sensory afferents,optogenetics; spasticity; spinal cord injury,NA,"Canadian Institutes of Health Research; Craig H. Neilsen Foundation; Ontario Ministry of Research, Innovation, and Science",post,to test the efficacy of optogenetic stimulation of cutaneous VGLUT2+ sensory afferents in eliciting spasticity-associated behaviours after spinal cord injury,
612,http://doi.org/10.34945/F52P4M,"Dataset for Limb disuse, synaptic maladaptation, and recovery impairments in female rats with T9 contusion SCI",animal,2025,2025-02-13,Ferguson Lab,not reported,156,rat,Sprague-Dawley,female,not reported,not reported,195-300 g,contusion,thoracic,T9,not reported,Infinite Horizons impactor,not reported,force; displacement; velocity,BBB,gait; swim test,NA,NA,afferent input; AMPA receptor; hindlimb unloadingl hyper-reflexia; limb disuse; limb unloading; motor neuron; neuroplasticity;  rehabilitation; spasticity; spinal cord injury,NA,Craig H. Neilsen Foundation; Japan Society for the Promotion of Science; Mitsui Sumitomo Insurance Welfare Foundation; National Aeronautics and Space Administration: Human Research Program; National Institutes of Health; Wings for Life,post,"to test the impact of inactivity, we developed a rodent model of acute phase hindlimb-unloading in contusive thoracic spinal cord injury",
1253,http://doi.org/10.34945/F5MS4M,PLX5622 Efficacy on Microglia Depletion and Its Impact on Functional Recovery Following Unilateral Dorsal Quadrant C4 Cervical Spinal Cord Injury in Female Lewis Rats,animal,2025,2025-02-18,Karim Fouad,Jaison Cucarian,14,rat,Lewis,female,Charles River Canada,2 months,180-215 g,DLQ,cervical,C4-C5,unilateral,custom blade,incomplete,NA,NA,open field; light-dark box; elevated plus maze,drug/agent,PLX5622,colony-stimulating factor-1; functional recovery; inflammation; microglia depletion; PLX5622; spinal cord injury,NA,Canadian Institutes of Health Research,post,to evaluate the impact of depleting microglia following SCI in rats with unilateral incomplete cervical SCI using PLX5622,
1279,http://doi.org/10.34945/F57K5H,"Data for weight, bowel outcomes, bowel histology, and food intake in female mice after T3 complete transection injury",animal,2025,2025-02-20,Gensel Lab (Nero),Olivia Wireman,61,mouse,C57BL/6J,female,Jackson Labs,3-4 months,16-30 g,transection,thoracic,T3,complete transection,scalpel,complete,NA,NA,bowel output,NA,NA,bowel; constipation; dysfunction; spinal cord injury; transection,NA,National Institute of General Medical Science; National Institute of Neurological Disorders and Stroke; University of Kentucky Spinal Cord and Brain Injury Research Center Endowed Chair #5,post,to evaluate bowel outcomes in young (4-6 months old) female C57/BL/6J mice after complete T3 transection spinal cord injury,
1278,http://doi.org/10.34945/F5CC8T,Assessment of Spinal DNA Damage Following L1 Contusion Spinal Cord Injury in Female C57Bl/6 Mice,animal,2025,2025-03-12,GRAND (Wilson),Scheijen,110,mouse,C57BL/6,female,Janvier Labs,12 weeks,17-23 g,contusion,lumbar,L1,not reported,Infinite Horizons impactor,not reported,programmed force; force; displacement,BMS,NA,NA,NA,DNA damage foci; DNA damage response; DNA repair; gamma-H2AX; neuronal death; spinal cord injury; 53BPI,NA,Special Research Fund; Hasselt University,post,to assess the presence timing and spinal location of DNA damage following spinal cord injury,
1285,http://doi.org/10.34945/F5QK5V,Acute intralesional injection of extracellular vesicles secreted by human umbilical cord mesenchymal stromal cells improves BBB score following thoracic contusion in female Fischer rats,animal,2025,2025-03-25,Couillard-Despres Lab,Lara Bieler,40,rat,Fischer-344,female,Charles River Germany,12 weeks,140-190 g,contusion,thoracic,T8,not reported,Infinite Horizons impactor,not reported,programmed force; displacement,BBB,NA,graft/cellular,extracellular vesicles (EVs) secreted by human umbilical cord mesenchymal stromal cells (huUC-MSCs),extracellular vesicles; human umbilical cord-derived mesenchymal stromal cells; locomotion; motor function; neuroregeneration; spinal cord injury,NA,"Austrian Agency for International Cooperation in Education and Research; Land Salzburg; Paracelsus Medical University Research Support Fund; State of Salzburg, Austria",post,to compare the long-term functional outcomes obtained following acute intralesional or intravenous application of extracellular vesicles (EVs) secreted by human umbilical cord mesenchymal stromal cells (huUC-MSCs) in a rat spinal cord contusion model,
1313,http://doi.org/10.34945/F5BC8H,Longitudinal Analysis of Locomotor Recovery After Moderate Thoracic Contusive Spinal Cord Injury in C57BL/6 Female Mice Treated with Bumetanide or CLP-290,animal,2025,2025-04-07,Stirling Lab,Dereje Desta,64,mouse,C57BL/6,female,Jackson Labs,8-10 weeks,16-23 g,contusion,thoracic,T9-T10,not reported,Infinite Horizons impactor,moderate,programmed force; force; displacement,BMS; ladder walking,NA,drug/agent,bumetanide; CLP-290,Basso Mouse Scale; bumetanide; cation-chloride cotransporters; CLP-290; spinal cord injury,NA,Wings for Life,post,to assess whether modulation of cation-chloride cotransporters would increase white matter sparing and improve neurological recovery following a moderate contusive SCI (T9 50 kdyn),
883,http://doi.org/10.34945/F52C7N,"Metabolic impairment and steatohepatitis develops after T8 contusion spinal cord injury (SCI) in non-obese male rats measured by increased insulin resistance, hyperlipidemia, endotoxemia, lipid deposition and liver inflammation, and is exacerbated by pre-morbid obesity",animal,2025,2025-04-08,Dana McTigue,MTGoodus,36,rat,Sprague-Dawley,male,Envigo,3 months,250 g,contusion,thoracic,T8,midline,Infinite Horizons impactor,not reported,programmed force; force; displacement; area under force curve,BBB,NA,dietary,high fat diet leading to diet induced obesity (DIO),alanine transferase; cytokines; diet-induced obesity; insulin resistance; Kupffer cells; locomotor recovery; metabolic syndrome; non-alcoholic fatty liver disease; non-alcoholic steatohepatitis (NASH); spinal cord injury,NA,not reported,post,to compare a diet-induced obesity (DIO) model of NASH to SCI-induced non-alcoholic steatohepatitis (NASH) and determine if DIO at the time of SCI exacerbated NASH and metabolic syndrome (MetS),
1315,http://doi.org/10.34945/F5G30Z,Closed-loop Vagus Nerve Stimulation Aids Recovery of Hand Function after Cervical Spinal Cord Injury in Humans,clinical,2025,2025-04-17,txbdc,not reported,19,human (deidentified),NA,female; male,NA,22-65 years,NA,NA,cervical,C1-C8,NA,NA,AIS A-D,NA,NA,NA,electrical stimulation; rehabilitative training,vagus nerve stimulation pair with task focused training,chronic cervical spinal cord injury; human; neurorehabilitation; vagus nerve stimulation,NA,Defense Advanced Research Projects Agency; Biological Technologies Office; Naval Information Warfare Center Pacific; Wings for Life,post,to explore whether combining intensive progressive task-focused training with real-time closed-loop vagus nerve stimulation (CLV) to enhance synaptic plasticity could increase strength expand range of motion and improve hand function in people with chronic incomplete cervical spinal cord injury (SCI),
1413,http://doi.org/10.34945/F5X601,Assessing the Effect of Exercise on the Expression of Genes Associated with Macrophage Activation State and Cytokines in the Dorsal Root Ganglia after C5 Unilateral Contusion in Female Sprague Dawley Rats,animal,2025,2025-07-11,Detloff Lab-Drexel University Collect of Medicine,Jason Wheeler,85,rat,Sprague-Dawley,female,Charles River,>6 weeks,190-305 g,contusion,cervical,C5,unilateral,Infinite Horizons impactor,not reported,programmed force; force; displacement; vel,NA,NA,rehabilitative training,aerobic training (forced wheel running); strength training (isometric pull task),cytokine; exercise; inflammation; macrophage; rat; rehabilitation,NA,Craig H. Neilsen Foundation; National Institutes of Health; National Institute of Neurological Disorders and Stroke,post,to further investigate how macrophage activity evolves over time after SCI and how this activity is modulated by short bouts of aerobic or strength training initiated at acute subacute or chronic stages of spinal cord injury,
1345,http://doi.org/10.34945/F5PK6X,Blood laboratory values from 137 de-identified TRACK-SCI participants from routine collected real-world data,clinical,2025,2025-07-22,TRACK-SCI De-ID Lab,not reported,137,human (deidentified),NA,female; male,NA,18-90 years,NA,NA,NA,not reported,NA,NA,AIS A-E,NA,NA,NA,NA,NA,laboratory values; real-world data; routine collected markers,?,Department of Defense (USA); Wings for Life,post,this particular dataset was used for validating the modeling of blood trajectory markers over the first 21 days during acute hospitalization after injury and to develop machine learning clinical prediction models,
1408,http://doi.org/10.34945/F55P5X,"Safety, feasibility, and cumulative effects of activity-based locomotor training combined with spinal cord stimulation on trunk control in children with SCI",clinical,2025,2025-07-29,Andrea Behrman,Behrman,3,human (deidentified),NA,male,NA,6-14,NA,NA,cervical; lumbar,not reported,MA,NA,NA,NA,NA,NA,electrical stimulation; rehabilitative training,spinal cord transcutaneous stimulation (scTS); activity-based locomotor training (AB-LT) ,activity-based locomotor training; pediatrics; spinal cord injury; spinal cord transcutaneous stimulation; trunk control,NA,National Institutes of Health; National Center of Neuromodulation for Rehabilitation,post,"to evaluate the safety, feasibility, and cumulative effects of AB-LT combined with scTS on trunk control in children with complete and incomplete SCI",
1389,http://doi.org/10.34945/F58C8W,Harnessing inflammation for spinal cord injury repair I: TLR2 agonist Pam3CSK4 dose response testing in naive female Lewis rats,animal,2025,2025-08-27,Karim Fouad,Brooklynn Nelson,16,rat,Lewis,female,Charles River Canada,2 months,180-220 g,neurologically intact,NA,NA,NA,NA,NA,NA,NA,open field; sickness score,drug/agent,Pam3CSK4,microglial cell activation; Pam3CSK4; TLR4 agonist,1387,Canadian Institutes of Health Research,post,"to determine what systemic dose of Pam3CSK4 would activate microglia in the spinal cord, and whether there was a dose-response relationship between 1) Pam3CSK4 dose and microglial activation and 2) Pam3CSK4 dose and the evolution of sickness behaviours",
1387,http://doi.org/10.34945/F54P47,Harnessing inflammation for spinal cord injury repair II: exploring the efficacy of TLR2 and TLR4 agonists on microglial activation after C4 unilateral dorsolateral quadrant spinal cord injury in female Lewis rats,animal,2025,2025-08-27,Karim Fouad,Brooklynn Nelson,40,rat,Lewis,female,Charles River Canada,2 months,180-220 g,DLQ,cervical,C4-C5,unilateral - right side,microblade,incomplete,NA,NA,sickness scoer,drug/agent,Pam3CSK4; E6020,microglial cell activation; Pam3CSK4; spinal cord injury; TLR2 agonist; TLR4 agonist,1389,Canadian Institutes of Health Research,post,to explore the efficacy of Pam3CSK4 (a synthetic TLR2 agonist) and E6020 (a synthetic TLR4 agonist) on microglial activation after C4-C5 cervical spinal cord injury,
1448,http://doi.org/10.34945/F5W59S,Diaphragm pacing elicits respiratory plasticity in awake rodents after C2 hemisection,animal,2025,2025-08-27,Streeter Lab,Taylor Holmes,42,rat,Sprague-Dawley,female; male,Envigo,12 weeks,179-400 g,hemisection,cervical,C2,unilateral - left,microscalpel,incomplete,NA,NA,breathing,electrical stimulation,diaphragm EMG implant,cervical spinal cord injury; diaphragm; diaphragm pacing; phrenic afferents; respiratory plasticity,NA,National Institutes of Health; Foundation for Physical Therapy Research: Academy of Acute Care Physical Therapy,post,to investigate if diaphragm pacing (DP) induces ventilatory and diaphragm electromyography (EMG) plasticity in awake rodents following incomplete C2 hemi-section,
1404,http://doi.org/10.34945/F5MP4K,"Two-texture preference test for neuropathic pain after cervical 5/6, unilateral contusion injury in adult C57BL/6J mice",animal,2025,2025-10-02,Angelo Lepore Lab,Dr David Jaffe,12,mouse,C57BL/6J,female; male,Jackson Labs,35-41 weeks,22-33 g,contusion,cervical,C5-C6,unilateral,Infinite Horizons impactor,not reported,programmed force; programmed dwell time; tip size,NA,von Frey; two-texture preference test; grimace score,NA,NA,behavioural assessmentl cervical spinal cord; contusion; neuropathic pain; spinal cord injury,NA,National Institute of Neurological Disorders and Stroke; Yant Family Spinal Cord Regeneration Fund,post,"to create a new behavioral test by modifying the open field test to incorporate a rough, potentially-noxious texture to half the chamber to identify whether differences can be observed in animals with neuropathic pain",
1458,http://doi.org/10.34945/F5H020,"Integrating sensitive motor tasks with histopathology detects sex differences in recovery after spinal cord injury (SCI): a study using male and female 12-week-old mice on a C57BL6/J background that received a T9 contusion SCI or T9 laminectomy (sham) surgery; outcome measures were open-field hindlimb BMS testing, activity box, advanced dynamic weight bearing, histopathology, and principal component analysis",animal,2025,2025-10-06,Brennan Lab,Emily Swarts,39,mouse,C57BL/6J,female; male,Jackson Labs,12 weeks,,contusion,thoracic,T9,not reported,Infinite Horizons impactor,not reported,programmed force; force; displacement,BMS,activity box; advanced dynamic weight bearing,NA,NA,NA,NA,Banting Foundation; Craig H. Neilsen Foundation; J.P. Bickell Foundation; Natural Sciences and Engineering Research Council of Canada; Queen's University; Wings for Life,post,"the open-field Basso Mouse Scale (BMS) used to track experimental SCI recovery is a valuable screening tool for motor recovery but relies on observer-based non-parametric scoring, which may not be sensitive enough to detect sex differences in motor behavior. Here, we tested whether two additional behavioral tasks - the infrared activity box and advanced dynamic weight bearing (ADWB) - identify any sex differences in motor recovery in male and female mice following a 70 kilodyne contusion SCI or sham (laminectomy) surgery",
1476,http://doi.org/10.34945/F53P4X,"Assessing the Effect of Macrophage Derived Small Extracellular Vesicles on Pain Behavior, Inflammation, and Nociceptive Afferent Sprouting after C5 Unilateral Contusion in Female Sprague Dawley Rats",animal,2025,2025-10-10,Detloff Lab-Drexel University Collect of Medicine,Jason Wheeler,112,rat,Sprague-Dawley,female,Charles River,>6 weeks,>225 g,contusion,cervical,C5,unilateral,Infinite Horizons impactor,not reported,force; displacement; velocity,NA,von Frey; Hargreaves's; mechanical conflict avoidance paradigm,drug/agent,small extracellular vesicles (sEVs),dorsal root ganglia; nociceptor; plasticity; small extracellular vesicles,NA,Drexel University College of Medicine; National Institutes of Health; National Institute of Neurological Disorders and Stroke; Pennsylvania Department of Health Commonwealth Universal Research Enhancement,post,"to investigate whether these sEVs are therapeutically viable in treatment of SCI-induced neuropathic pain, as well as the biological mechanisms by which this analgesia is produced",
1485,http://doi.org/10.34945/F5V59G,Functional Forelimb Recovery and Histological Outcomes following Stem Cell Graft after C7 Hemisection or C6 Hemicontusion in Male Macaca Mulatta Primates,animal,2025,2025-10-24,Tuszynski Lab,Tuszynski,19,monkey,Macaca mulatta,male,not available,5-9 years,9-14 kg,contusion; hemisection,cervical,C6; C7,not reported,scalpel; BOSE,not reported,not reported,NA,Brinkman Board,graft/cellular,human embryonic stem cell-derived spinal cord neural stem cells,primate; spinal cord injury; stem cell,NA,Bernard and Anne Spitzer Charitable Trust; Canada Foundation for Innovation; Craig H. Neilsen Foundation; Dr. Miriam and Sheldon G. Adelson Medical Research Foundation; Department of Veterans Affairs (USA); National Institutes of Health; Natural Sciences and Engineering Research Council of Canada,post,to graft human embryonic stem cell-derived spinal cord neural stem cells into rhesus monkeys in two spinal cord injury models: C7 spinal cord hemisections and more clinically relevant C6 hemi-contusions to assess functional forelimb revcovery as well as axon regeneration,
1487,http://doi.org/10.34945/F5B60R,Influence of the heme-binding protein hemopexin on functional recovery and tissue protection after T10 spinal cord contusion injury in male and female mice,animal,2025,2025-12-09,Kroner,Dr. Kroner ,196,mouse,C57BL/6; HE KO,female; male,Charles River; Jackson Lab; VA Born,8-10 weeks,16-30 g,contusion,thoracic,T11,not reported,Infinite Horizons impactor,not reported,force; displacement,BMS; ladder walking,weight support,genetic ,hemopexin (Hx) knockout,hemopexin; hemorrhage; neutrophils; secondary damage,NA,Craig H. Neilsen Foundation,post,"to investigate the role of hemopexin (Hx), an acute-phase plasma glycoprotein that sequesters the blood breakdown product heme, thus preventing toxicity and inflammation induced by intraparenchymal hemorrhage after SCI",
1492,http://doi.org/10.34945/F5G02P,Blood brain barrier permeability and gliosis along the pain neuroaxis after unilateral cervical spinal cord injury and forced wheel walking exercise in female rats,animal,2025,2025-10-12,Detloff Lab-Drexel University Collect of Medicine,Grace Giddings,75,rat,Sprague-Dawley,female,Charles River,>6 weeks,245-316 g,contusion,cervical,C5,unilateral,Infinite Horizons impactor,not reported,force; displacement; velocity,walking speed,von Frey; forced swim test; Mechanical Conflict Avoidance Paradigm,rehabilitative training,forced wheel running,astrocyte; BBB; BSCB; exercise; microglia; pain,NA,National Institutes of Health; National Institute of Neurological Disorders and Stroke; Pennsylvania Department of Health,post,"to examine how aerobic exercise influences blood spinal cord barrier (BSCB) integrity, vascular protein expression, and neuroimmune activation along the sensory neuroaxis following contusive SCI in rat",
1494,http://doi.org/10.34945/F52P50,"Assessment of Gait Data Collection Part I of III Parts: camera separation, position, and minimum number with a neurologically intact female domestic short-hair feline",animal,2026,2026-01-05,Howland Lab,Van Sandt,1,cat,Domestic shorthair,female,not available,16 months,3.05 kg,neurologically intact,NA,NA,NA,NA,NA,NA,NA,NA,NA,NA,coordinate data; gait; infrared camera; kinematic; locomotion; reflective markers,NA,not reported,post,to test if separation of infrared cameras positioned 60-80° apart provide the most accurate and consistent gait analysis measurements and to determine the minimum number of cameras needed for reliable 3D coordinate marker data collections,
411,http://doi.org/10.34945/F58W2S,Exercise-Induced Changes to the Macrophage Response in the Dorsal Root Ganglia Prevent Neuropathic Pain after Unilateral Cervical Spinal Cord Injury in Adult Female Rats,animal,2026,2026-01-07,Detloff Lab-Drexel University Collect of Medicine,Soha Chhaya,56,rat,Sprague-Dawley,female,Charles River,adult,225-250 g,contusion,cervical,C5,unilateral,Infinite Horizons impactor,moderate,force; displacement; velocity,NA,von Frey; Mechanical Conflict Avoidance Paradigm,rehabilitative training,forced wheel running,activity-dependent plasticity; neuropathic pain; rat; rehabilitation,NA,Craig H. Neilsen Foundation; National Institutes of Health; National Institute of Neurological Disorders and Stroke,post,to 1) underlying immune differences in the spinal cord and DRG between rats with and without pain and 2) immunomodulatory effects of exercise in pain reduction,
1495,http://doi.org/10.34945/F5Z01N,Individual-level therapist and patient characteristics and evaluations of rehabilitative interventions used to assess the reliability of the International Spinal Cord Injury Physical Therapy-Occupational Therapy Basic Data Set,clinical,2026,2026-01-13,Linda,not reported,200,human (deidentified),NA,NA,NA,>18 years,NA,NA,NA,NA,NA,NA,motor-incomplete paraplegia; motor-incomplete tetraplegia; motor-complete paraplegia; motor-complete tetraplegia,NA,NA,NA,NA,NA,clinical assessment validation; outcome measures; PT-OT Basic Data Set; recovery; rehabilitation; spinal cord injury,NA,not reported,post,to assess the interrater reliability of the PT-OT BDS,
1346,http://doi.org/10.34945/F5F60P,EMG and Kinematic analysis of Human Central Pattern Generator Study in a child with Perinatal Thoracic Spinal Cord Injury,clinical,2026,2026-01-14,Andrea Behrman,Behrman,2,human (deidentified),NA,male,NA,4 years,NA,injured; neurologically intact,thoracic,T2,NA,NA,severe,NA,EMG data for multiple kinematic endpoints,NA,NA,NA,central pattern generator; human spinal locomotor pattern generator; spinal cord injury,NA,Kosair for Kids,post,to examine the existence of a human CPG by leveraging a unique opportunity to follow the clinical and neurophysiological development of a child with a severe prenatal spinal cord injury (SCI),
1529,http://doi.org/10.34945/F5JS40,Diaphragm EMG and plethysmography metrics from male Sprague-Dawley wildtype rats and rats with Pompe disease,animal,2026,2026-01-23,Dale Lab,not reported,12,rat,Sprague-Dawley,male,Envigo,4-10 months,not reported,neurologically intact,NA,NA,NA,NA,NA,NA,NA,NA,NA,NA,breathing; EMG; plethysmography; Pompe's dise,NA,National Institutes of Health,post,to establish a 'respiratory signature' of disease across the lifespan in a rodent model of Pompe disease,
1517,http://doi.org/10.34945/F5T603,Intraganglionic CCL2 induced neuropathic pain and depression after unilateral cervical spinal cord contusion in adult male and female LysM-eGFP mice,animal,2026,2026-01-31,Detloff Lab-Drexel University Collect of Medicine,Jonathan Richards; Grace Giddings,70,mouse,LysM eGFP,female; male,Mutant Mouse Research Resource Center,>6 weeks,18-37 g,Contusion; Laminectomy; Neurologically intact,,,unilateral,Infinite Horizons impactor,moderate,force; displacement; velocity; dwell time,NA,von Frey; Hargreaves; Mechanical Conflict Avoidance Paradigm; open field; sucrose intake; forced swim test,drug/agent,recombinant mouse CCL2,CCL2; depression; dorsal root ganglia; macrophage; pain,NA,National Institutes of Health; National Institutes of Health: HEAL Initiative,post,to test whether augmenting DRG macrophage recruitment via bolus intraganglionic CCL2 delivery would reduce pain-related sensory and emotional dysfunction after cervical SCI,
1410,http://doi.org/10.34945/F51W2M,"Clinical outcomes of participants with chronic, thoracic SCI following perilesional spinal neuromodulation",clinical,2026,2026-03-09,Borton Laboratory,Jonathan Calvert,3,human (deidentified),NA,not reported,NA,not reported,not reported,NA,thoracic,T3-T6,NA,NA,AIS A-B,NA,NA,NA,neuromodulation,"two epidural electrode arrays, one rostral and one caudal to the SCI lesion",epidural stimulation; human; neuromodulation; neurorehabilitation; thoracic spinal cord injury,NA,Carney Institute for Brain Science; Defense Advanced Research Projects Agency; Department of Veterans Affairs (USA); National Institutes of Health; National Research Foundation of Korea; Susan and Isaac Wakil Foundation; ,post,"to evaluate the safety and feasibility of a bidirectional, perilesional neuromodulation approach to restore function in individuals with chronic, thoracic spinal cord injury",
1519,http://doi.org/10.34945/F5PG6W,"Quantifying lesion size, fibroblast and macrophage density at 4 and 28 days post thoracic contusion in young and middle-aged female C57BL/6J Mice",animal,2026,2026-03-26,Jae Lee Lab,Jae Lee,52,mouse,C57BL/6,female,Jackson Labs; in-house colony/breeding,2-13 months,18-38 g,contusion,thoracic,T8,not reported,Infinite Horizons impactor,moderate,programmed force; force; displacement,BMS,NA,NA,NA,age; astrocyte; contusion; C57BL/6J; fibroblast; macrophage; mouse; proliferation,NA,Else Kroner-Fresenius Foundation; National Institute of Neurological Disorders and Stroke; The Buoniconti Fund to Cure Paralysis; The Miami Project to Cure Paralysis,post,to compare young (2-3 months) and middle age (10-12 months) mice in contusive T8 injury outcomes at acute and chronic timepoints,
retracted,retracted,retracted,,,,,,,,,,,,,,,,,,,,,,,,,,,,,
retracted,retracted,retracted,,,,,,,,,,,,,,,,,,,,,,,,,,,,,
